[{"Client_id":"Client 0","BookName":"War and Peace","Status":null,"Error":"True","BorrowerName":null,"ReturnDate":null},{"Client_id":"Client 1","BookName":"Harry Potter","Status":null,"Error":"True","BorrowerName":null,"ReturnDate":null},{"Client_id":"Client 2","BookName":"Lord of the Rings","Status":"Available","Error":null,"BorrowerName":null,"ReturnDate":null},{"Client_id":"Client 3","BookName":"An Unknown Book","Status":"Not Found","Error":null,"BorrowerName":null,"ReturnDate":null},{"Client_id":"Client 4","BookName":"Hamlet, Prince of Denmark","Status":"Available","Error":null,"BorrowerName":null,"ReturnDate":null},{"Client_id":"Client 5","BookName":"Bleak House","Status":"Available","Error":null,"BorrowerName":null,"ReturnDate":null}]