[
    {
        "Title": "War and Peace",
        "Author": "Tolstoy, Leo",
        "Status": "Borrowed",
        "BorrowedBy": "user-2",
        "ReturnDate": "20-09-2021"
    },
    {
        "Title": "Anna Karenina",
        "Author": "Tolstoy, Leo",
        "Status": "Available",
        "BorrowedBy": null,
        "ReturnDate": null
    },
    {
        "Title": "Mrs. Dalloway",
        "Author": "Woolf, Virginia",
        "Status": "Available",
        "BorrowedBy": null,
        "ReturnDate": null
    },
    {
        "Title": "The Hours",
        "Author": "Cunnningham, Michael",
        "Status": "Available",
        "BorrowedBy": null,
        "ReturnDate": null
    },
    {
        "Title": "Huckleberry Finn",
        "Author": "Twain, Mark",
        "Status": "Available",
        "BorrowedBy": null,
        "ReturnDate": null
    },
    {
        "Title": "Bleak House",
        "Author": "Dickens, Charles",
        "Status": "Available",
        "BorrowedBy": null,
        "ReturnDate": null
    },
    {
        "Title": "Tom Sawyer",
        "Author": "Twain, Mark",
        "Status": "Available",
        "BorrowedBy": null,
        "ReturnDate": null
    },
    {
        "Title": "A Room of One\u0027s Own",
        "Author": "Woolf, Virginia",
        "Status": "Available",
        "BorrowedBy": null,
        "ReturnDate": null
    },
    {
        "Title": "Harry Potter",
        "Author": "Rowling, J.K.",
        "Status": "Borrowed",
        "BorrowedBy": "user-2",
        "ReturnDate": "20-09-2021"
    },
    {
        "Title": "One Hundred Years of Solitude",
        "Author": "Marquez",
        "Status": "Available",
        "BorrowedBy": null,
        "ReturnDate": null
    },
    {
        "Title": "Hamlet, Prince of Denmark",
        "Author": "Shakespeare",
        "Status": "Available",
        "BorrowedBy": null,
        "ReturnDate": null
    },
    {
        "Title": "Lord of the Rings",
        "Author": "Tolkien, J.R.",
        "Status": "Available",
        "BorrowedBy": null,
        "ReturnDate": null
    }
]